{"cameraMode":{"drawMode":0,"name":"Shaded","section":"Shading Mode"},"sceneLighting":false,"audioPlay":false,"sceneViewState":{"showFog":true,"showMaterialUpdate":true,"showSkybox":false,"showFlares":true,"showImageEffects":true,"showParticleSystems":true},"in2DMode":false,"pivot":{"x":-0.019180238246917726,"y":0.8454789519309998,"z":0.015964508056640626},"rotation":{"x":0.037491779774427417,"y":-0.002396384486928582,"z":0.00009064456389751285,"w":0.9993018507957459},"size":4.029762268066406,"orthographic":true}