{"cameraMode":{"drawMode":0,"name":"Shaded","section":"Shading Mode"},"sceneLighting":true,"audioPlay":false,"sceneViewState":{"showFog":true,"showMaterialUpdate":true,"showSkybox":true,"showFlares":true,"showImageEffects":true,"showParticleSystems":true},"in2DMode":false,"pivot":{"x":-4.500007629394531,"y":-815.0579223632813,"z":3177.78857421875},"rotation":{"x":0.1570083051919937,"y":-0.5507493019104004,"z":0.1063828319311142,"w":0.8128451108932495},"size":11.069852828979493,"orthographic":false}