{"cameraMode":{"drawMode":0,"name":"Shaded","section":"Shading Mode"},"sceneLighting":true,"audioPlay":false,"sceneViewState":{"showFog":true,"showMaterialUpdate":true,"showSkybox":true,"showFlares":true,"showImageEffects":true,"showParticleSystems":true},"in2DMode":false,"pivot":{"x":-18.789072036743165,"y":1.1996870040893555,"z":733.1422119140625},"rotation":{"x":0.11795037239789963,"y":-0.7577219605445862,"z":0.142827108502388,"w":0.6257468461990356},"size":42.73683166503906,"orthographic":false}