{"cameraMode":{"drawMode":0,"name":"Shaded","section":"Shading Mode"},"sceneLighting":true,"audioPlay":false,"sceneViewState":{"showFog":true,"showMaterialUpdate":true,"showSkybox":true,"showFlares":true,"showImageEffects":true,"showParticleSystems":true},"in2DMode":false,"pivot":{"x":0.9224892854690552,"y":-2.9086551666259767,"z":761.5452270507813},"rotation":{"x":0.3086833655834198,"y":-0.004284261725842953,"z":0.001392186270095408,"w":0.9511620998382568},"size":42.73683166503906,"orthographic":false}