{"cameraMode":{"drawMode":0,"name":"Shaded","section":"Shading Mode"},"sceneLighting":false,"audioPlay":false,"sceneViewState":{"showFog":true,"showMaterialUpdate":true,"showSkybox":false,"showFlares":true,"showImageEffects":true,"showParticleSystems":true},"in2DMode":false,"pivot":{"x":3.5500001907348635,"y":19.343360900878908,"z":19.979583740234376},"rotation":{"x":0.14497849345207215,"y":0.012470408342778683,"z":-0.001816583564504981,"w":0.9893714189529419},"size":17.52989959716797,"orthographic":true}