{"cameraMode":{"drawMode":0,"name":"Shaded","section":"Shading Mode"},"sceneLighting":true,"audioPlay":false,"sceneViewState":{"showFog":true,"showMaterialUpdate":true,"showSkybox":true,"showFlares":true,"showImageEffects":true,"showParticleSystems":true},"in2DMode":false,"pivot":{"x":3.5500001907348635,"y":9.08336067199707,"z":19.979583740234376},"rotation":{"x":0.002516182605177164,"y":0.716594934463501,"z":0.0025769935455173256,"w":-0.6974896788597107},"size":17.52989959716797,"orthographic":true}